Category,below 5.0,5.0-6.5,6.5-7.5,7.5-8.5,above 8.5
Technology,0.18314,0.3288,0.2678,0.178,0.03334
Finance,0.2543,0.3567,0.2545,0.1213,0.0245
Healthcare,0.1267,0.289,0.3456,0.2234,0.045
Education,0.1567,0.31,0.334,0.209,0.056
Sports,0.3247,0.21,0.089,0.088,0.024
Entertainment,0.289,0.367,0.345,0.123,0.035
